Ανατολική Αττική-Άρτεμη - ΚΑΡΚΩΝΗΣ ΝΙΚΟΣ,Τηλ. 2294083295 (GMap),24.0084,37.97692,19016,Άρτεμη,Λεωφόρος Αρτέμιδος,90
Ανατολική Αττική-Αχαρναί - KAVAS TAX,Τηλ. 2102469906 (GMap),23.73829,38.07701,13671,Αχαρναί,Δημητρίου Πουραΐμη,11
Ανατολική Αττική-Γέρακας - ΝΑΡΚΙΣΣΟΣ,Τηλ. 2106046007 (GMap),23.85983,38.01039,15344,Γέρακας,Ηρώων Πολυτεχνείου,27
Ανατολική Αττική-Γλυκά Νερά - ΑΝΘΙΔΗΣ ΚΑΒΑ,Τηλ. 2106613920 (GMap),23.85602,38.00315,15344,Γλυκά Νερά,Βικέλα,30
Ανατολική Αττική-Δροσιά - ΓΕΩΡΓΙΛΑΚΗΣ ΕΜΜ. & ΕΛ. ΟΕ,Τηλ. 2108142947 (GMap),23.8591,38.1208,14572,Δροσιά,Λεωφόρος Δροσιάς-Σταμάτας,3
Ανατολική Αττική-Μαραθών - ΚΑΒΑ ΠΡΙΦΤΗΣ,Τηλ. 2294066443 (GMap),23.96106,38.15751,19007,Μαραθών,Αθηνάς,24
Ανατολική Αττική-Μαρκοπούλο Μεσογαίας - ΜΑΜΟΥΡΗΣ ΧΡΗΣΤΟΣ - COCTAIL ΚΑΒΑ,Τηλ. 2299085745 (GMap),24.03559,37.86276,19003,Μαρκοπούλο Μεσογαίας,Πόρτο Ράφτη,36
Ανατολική Αττική-Νέα Μάκρη - ΓΟΥΡΓΙΩΤΗ ΑΦΟΙ ΟΕ,Τηλ. 2294050111 (GMap),23.98044,38.08405,19005,Νέα Μάκρη,Ελευθερίου Βενιζέλου,37
Ανατολική Αττική-Παιανία - ΣΤΑΜΟΥ ΕΛΕΥΘΕΡΙΑ,Τηλ. 2106029888 (GMap),23.86215,37.95114,19002,Παιανία,Λεωφόρος Λαυρίου,138
Άρτα - ΦΕΥΓΑΣ - ΠΑΠΑΜΙΧΑΗΛ ΟΕ,Τηλ. 2681026936 (GMap),20.98331,39.16111,47100,Άρτα,Βασιλέως Πύρρου,36
Αττική-Αγία Βαρβάρα, ,23.66102,37.98354, ,Αγία Βαρβάρα Αττικής,Καπετανίδη, 
Αττική-Αγία Παρασκευή - ΠΟΛΥΔΩΡΟΥ ΚΑΒΑ,Τηλ. 2106533462 (GMap),23.81175,38.01101,15341,Αγία Παρασκευή,Ηπείρου,3
Αττική-Αγία Παρασκευή - ΠΟΤΟΕΙΣΑΓΩΓΙΚΗ ΕΠΕ ΠΡΑΤΗΡΙΟ ΠΟΤΩΝ & ΖΑΧΑΡΩΔΩΝ,Τηλ. 2106517011 - Φαξ 2106529772 (GMap),23.81313,38.0003,15341,Αγία Παρασκευή,Νικηταρά,18
Αττική-Αγία Παρασκευή Cava Casa,,23.82498,38.00957,,Αγία Παρασκευή Αττικής,Αγίου Ιωάννου,37
Αττική-Άγιοι Ανάργυροι - ΣΩΚΡΑΤΗΣ,Τηλ. 2102611604 - Φαξ 2102619403 (GMap),23.72355,38.02531,13561,Άγιοι Ανάργυροι,Νικολάου Πλαστήρα,137
Αττική-Άγιος Δημήτριος,,23.7238,37.92396,,Άγιος Δημήτριος Αττικής,Λεωφόρος Αγίου Δημητρίου,292
Αττική-Αθήνα - CAVA ODYSSEAS,Τηλ. 2106926912 (GMap),23.76645,37.99133,11526,Αθήνα,Σοφίας Σλήμαν,6
Αττική-Αθήνα - MARKET PLUS +,Τηλ. 2107475053 (GMap),23.75813,37.97652,11528,Αθήνα,Βακχυλίδου,16
Αττική-Αθήνα - ΔΕΤΟΡΑΤΟΣ Ι. ΚΟΥΛΟΥΤΜΠΑΝΗΣ Α. ΟΕ,Τηλ. 2105246726 - Φαξ 2105247190 (GMap),23.72388,37.98833,10438,Αθήνα,Ακομινάτου,53
Αττική-Αθήνα - ΗΛΙΟΠΟΥΛΟΣ ΣΩΤΗΡΙΟΣ,Τηλ. 2106918862 (GMap),23.76233,37.99124,11523,Αθήνα,Αχαΐας,23
Αττική-Αθήνα - ΠΑΠΑΔΟΠΟΥΛΟΣ ΒΑΣΙΛΗΣ,Τηλ. 2108235740 (GMap),23.73016,37.99595,11251,Αθήνα,Κοδριγκτώνος,34
Αττική-Αθήνα - ΠΟΤΟΡΟΗ,Τηλ. 2108816034 (GMap),23.72502,37.99137,10439,Αθήνα,Μιχαήλ Βόδα,19
Αττική-Αθήνα - ΡΟΥΣΣΟΣ Ι.Σ. ΑΒΕΕ,Τηλ. 2109400017 (GMap),23.76702,37.99973,11524,Αθήνα,Ζησιμοπούλου,22
Αττική-Αθήνα - ΤΣΙΑΟΥΣΗΣ ΙΩΑΝΝΗΣ,Τηλ. 2107014760 (GMap),23.74759,37.96702,11634,Αθήνα,Ασπασίας,10
Αττική-Αιγάλεω - ΚΑΒΑ ΠΡΟΜΗΘΕΑΣ ΑΞΙΟΓΛΟΥ ΧΡΗΣΤΟΣ,Τηλ. 2105906211 (GMap),23.67225,37.99676,12243,Αιγάλεω,Έβρου,23
Αττική-Αιγάλεω - ΜΑΣΣΑΛΗ ΚΑΒΑ - ΜΑΣΣΑΛΗ ΑΛΕΞΑΝΔΡΑ,Τηλ. 2105981560 - Φαξ 2105902233 (GMap),23.67136,37.99755,12243,Αιγάλεω,Κορυτσάς,17
Αττική-Αιγάλεω Sibbyles,,23.68341,38.00044,,Αιγάλεω Αττικής,Αναγεννήσεως,1
Αττική-Αιγάλεω Άλφα Κάβα,,23.67683,37.98877,,Αιγάλεω Αττικής,Παλαιών Πατρών Γερμανού,51
Αττική-Αιγάλεω Το Τσίλικο,,23.68497,37.98955,,Αιγάλεω Αττικής,Κύπρου,9
Αττική-Αργυρούπολη Napoleon,,23.75309,37.90722,,Αργυρούπολη Αττικής,Λεωφόρος Κύπρου,94
Αττική-Αργυρούπολη Ευτυχία,,23.7503,37.91607,,Αργυρούπολη Αττικής,Γεωργίου Παπανδρέου,48
Αττική-Αργυρούπολη Κένταυρος,,23.74907,37.91137,,Αργυρούπολη Αττικής,Στέφανου Σαράφη,46
Αττική-Βύρωνας,,23.75057,37.95625,,Βύρωνας Αττικής,Καλλιπόλεως,33
Αττική-Βύρωνας Cava Cavana,,23.75169,37.958732,,Βύρωνας Αττικής,Κολοκοτρώνη,
Αττική-Βύρωνας Costa Rica,,23.75308,37.96019,16232,Βύρωνας Αττικής,Λεωφόρος Κύπρου,73
Αττική-Γλυφάδα,,23.75848,37.87994,,Γλυφάδα Αττικής,Ανδρέα Παπανδρέου,130
Αττική-Γλυφάδα - ΔΑΜΙΑΝΟΣ ΓΕΩΡΓΙΟΣ,Τηλ. 2109650928 (GMap),23.76488,37.89513,16562,Γλυφάδα,Βορείου Ηπείρου,44
Αττική-Γλυφάδα - ΚΑΒΑ ΓΟΥΛΙΑΝΟΣ,Τηλ. 2108980958 (GMap),23.75637,37.86308,16674,Γλυφάδα,Φιλικής Εταιρείας,12
Αττική-Γλυφάδα Ανθίδης,,23.75795,37.8686,,Γλυφάδα Αττικής,Γρηγορίου Λαμπράκη,77
Αττική-Γλυφάδα Η Κάβα,,23.77252,37.89503,,Γλυφάδα Αττικής,Ελευθέρου Ανθρώπου,76
Αττική-Γλυφάδα Μέλοινος,,23.7608,37.89303,,Γλυφάδα Αττικής,Δημητρίου Γούναρη,19
Αττική-Γλυφάδα Ο Κέφαλος,,23.76331,37.87515,,Γλυφάδα Αττικής,Βενεζουέλας,22
Αττική-Γλυφάδα Το Κελλάριον,,23.76749,37.89009,,Γλυφάδα Αττικής,Γεωργίου Γεννηματά,97
Αττική-Εξάρχεια Cava Halari,,23.73642,37.98456,,Εξάρχεια Αττικής,Χαριλάου Τρικούπη,54
Αττική-Εξάρχεια Cava Μάρκο,,23.73902,37.98563,,Εξάρχεια Αττικής,Καλλιδρομίου,20
Αττική-Εξάρχεια Οινότυπο,,23.73933,37.98605,,Εξάρχεια Αττικής,Χαριλάου Τρικούπη,98
Αττική-Ζωγράφος,,23.76985,37.98139,,Ζωγράφος Αττικής,Αγήνορος,2
Αττική-Ζωγράφος Βραζιλιάνος,,23.76604,37.97902,,Ζωγράφος Αττικής,Παπάγου και Ξηρογιάννη,
Αττική-Ζωγράφος Πιτταράς,,23.77226,37.9823,,Ζωγράφος Αττικής,Αργυροκάστρου,16
Αττική-Ζωγράφος Σταγόνα,,23.76687,37.98264,,Ζωγράφος Αττικής,Παπαδιαμαντοπούλου,
Αττική-Ηλιούπολη,,23.75022,37.92392,,Ηλιούπολη Αττικής,Λεωφόρος Εθνάρχου Μακαρίου,37
Αττική-Ηλιούπολη,,23.75611,37.93419,,Ηλιούπολη Αττικής,Μπουμπουλίνας,15
Αττική-Ηλιούπολη,,23.75254,37.94016,,Ηλιούπολη Αττικής,Λεωφόρος Ανδρέα Παπανδρέου,13
Αττική-Ηλιούπολη,,23.75544,37.92728,,Ηλιούπολη Αττικής,Αριστάρχου,2
Αττική-Ηλιούπολη,,23.75652,37.93267,,Ηλιούπολη Αττικής,Λεωφόρος Ελευθερίου Βενιζέλου,145
Αττική-Ηλιούπολη,,23.75854,37.94505,,Ηλιούπολη Αττικής,Διγενή,16
Αττική-Ηλιούπολη,,23.76451,37.94124,,Ηλιούπολη Αττικής,Αρχιμήδους,1
Αττική-Ηλιούπολη,,23.76453,37.93818,,Ηλιούπολη Αττικής,Αρχιμήδους,47
Αττική-Ηλιούπολη,,23.74691,37.94245,,Ηλιούπολη Αττικής,Τοσίτσα,39
Αττική-Ηλιούπολη,,23.75186,37.91938,,Ηλιούπολη Αττικής,Λουκιανού,15
Αττική-Ηλιούπολη,,23.75615,37.93273,,Ηλιούπολη Αττικής,Λεωφόρος Ειρήνης,50
Αττική-Ηλιούπολη,,23.75524,37.92744,,Ηλιούπολη Αττικής,Πλατεία Αεροπόρίας,1
Αττική-Ηλιούπολη,,23.75882,37.94613,,Ηλιούπολη Αττικής,Λεωφόρος Πατριάρχου Γρηγορίου Ε ,54
Αττική-Ηλιούπολη,,23.75594,37.94561,,Ηλιούπολη Αττικής,Αγίας Μαρίνας,8
Αττική-Ηλιούπολη Intercava,,23.75928,37.93087,,Ηλιούπολη Αττικής,Λεωφόρος Πρωτόπαπα,63
Αττική-Ηλιούπολη Musses So Good,,23.75622,37.92257,,Ηλιούπολη Αττικής,Κωνσταντινουπόλεως,65
Αττική-Ηλιούπολη Γιώμα,,23.74475,37.94226,,Ηλιούπολη Αττικής,Παύλου Μελά,1
Αττική-Ηλιούπολη Εις Υγείαν,,23.75607,37.9397,,Ηλιούπολη Αττικής,Λεωφόρος Ανδρέα Παπανδρέου,32
Αττική-Ηλιούπολη Οινόπολις,,23.75232,37.93722,,Ηλιούπολη Αττικής,Πλατεία Παλαιών Πατρών Γερμανού,8
Αττική-Ηλιούπολη Οινοχώρος,,23.75202,37.9305,,Ηλιούπολη Αττικής,Λεωφόρος Σοφοκλή Βενιζέλου,67
Αττική-Ηλιούπολη Το Λαΐνι,,23.75617,37.93921,,Ηλιούπολη Αττικής,Ποσειδώνος,45
Αττική-Ίλιον - ΦΟΥΚΑΣ ΔΗΜ. & ΣΙΑ ΟΕ,Τηλ. 2105029723 - Φαξ 2105029723 (GMap),23.6915,38.03011,13121,Ίλιον,Λεωφόρος Παλατιανής,13
Αττική-Καισαριανή,,23.75245,37.97161,,Καισαριανή Αττικής,Γρηγορίου Θεολόγου,4
Αττική-Καισαριανή Cava Canava,,23.75503,37.97219,,Καισαριανή Αττικής,Ευφρονίου,63
Αττική-Καισαριανή Cava Vino,,23.76087,37.96789,,Καισαριανή Αττικής,Λεωφόρος Εθνικής Αντιστάσεως,104
Αττική-Καισαριανή Φίλοιστρον,,23.75787,37.96849,,Καισαριανή Αττικής,Λεωφόρος Εθνικής Αντιστάσεως,56
Αττική-Καλλιθέα,,23.69758,37.95091,,Καλλιθέα Αττικής,Περικλέους,33
Αττική-Κερατσίνι,,23.62518,37.96434,,Κερατσίνι Αττικής,Λεωφόρος Σαλαμίνος,87
Αττική-Κηφισιά - VINIFERA - ΣΤΑΥΡΙΝΙΔΗΣ - ΖΟΥΜΠΟΥΛΗ & ΣΙΑ ΟΕ,Τηλ. 2108077709 - Φαξ 2106254663 (GMap),23.81401,38.07922,14561,Κηφισιά,Λεωφόρος Κηφισίας,317
Αττική-Κηφισιά - ΚΑΡΑΪΣΚΟΣ ΔΗΜΗΤΡΗΣ,Τηλ. 2108072390 - Φαξ 2108072905   - Κιν. 6977238589 (GMap),23.79739,38.09017,14564,Κηφισιά,Ελαιών,25
Αττική-Κολωνάκι Ανθίδης,,23.74372,37.97621,,Κολωνάκι Αττικής,Υψηλάντου,11
Αττική-Κορυδαλλός,,23.65733,37.97992,,Κορυδαλλός Αττικής,Λεωφόρος Γρηγορίου Λαμπράκη,118
Αττική-Κορυδαλλός,,23.64756,37.97825,,Κορυδαλλός Αττικής,Γεωργίου Σούρη,74
Αττική-Κορυδαλλός,,23.65752,37.97304,,Κορυδαλλός Αττικής,Αχιλλέως,10
Αττική-Κορυδαλλός,,23.65742,37.97847,,Κορυδαλλός Αττικής,Κύπρου,17
Αττική-Κορυδαλλός,,23.65729,37.97425,,Κορυδαλλός Αττικής,Πλουτάρχου,17
Αττική-Κορυδαλλός,,23.64772,37.97349,,Κορυδαλλός Αττικής,Γεωργίου Σουρή,1
Αττική-Κορυδαλλός,,23.65583,37.97696,,Κορυδαλλός Αττικής,Σωκράτους,12
Αττική-Κορυδαλλός,,23.64146,37.98498,,Κορυδαλλός Αττικής,Δάφνης,5
Αττική-Κορυδαλλός,,23.64314,37.98273,,Κορυδαλλός Αττικής,Παπαδιαμάντη,24
Αττική-Κορυδαλλός, ,23.65187,37.97737, ,Κορυδαλλός Αττικής,Δημητρακοπούλου, 
Αττική-Κορυδαλλός, ,23.65129,37.9871, ,Κορυδαλλός Αττικής,Μικράς Ασίας, 
Αττική-Κορυδαλλός Tsoras Nuts,,23.6513,37.9872,,Κορυδαλλός Αττικής,Μικράς Ασίας,34
Αττική-Κορυδαλλός Το Φρέσκο,,23.65685,37.98446,,Κορυδαλλός Αττικής,Ταξιαρχών,133
Αττική-Κορωπί,,23.87508,37.89777,,Κορωπί Αττικής,Λεωφόρος Βασιλέως Κωνσταντίνου,233
Αττική-Κορωπί Musses,,23.87598,37.89675,,Κορωπί Αττικής,Λεωφόρος Βασιλέως Κωνσταντίνου,268
Αττική-Κυψέλη Delizioso,,23.74144,38.00236,,Κυψέλη Αττικής,Πλατεία Κανάρη,15
Αττική-Μαρούσι - ΑΝΤΩΝΑΤΟΣ Α. - ΑΝΤΩΝΑΤΟΣ Ε. ΟΕ,Τηλ. 2106196204 (GMap),23.81433,38.04303,15125,Μαρούσι,Σώρου,65
Αττική-Μοσχάτο - ΚΑΡΑΛΗΣ ΓΙΑΝΝΗΣ,Τηλ. 2109420130 (GMap),23.68778,37.95694,18345,Μοσχάτο,Ρούμελης,12
Αττική-Νέα Ερυθραία - ΘΕΟΔΩΡΑΚΟΠΟΥΛΟΣ ΒΑΣΙΛΕΙΟΣ & ΣΙΑ ΟΕ,Τηλ. 2108072500 - Φαξ 2108000643   - Κιν. 6978009916 (GMap),23.81319,38.10139,14671,Νέα Ερυθραία,Τατοΐου,160
Αττική-Νέα Ιωνία Ελπήνωρ,,23.76617,38.04062,,Νέα Ιωνία Αττικής,Κασταμονής,32
Αττική-Νέα Μάκρη Μαρία,,23.9797,38.084,,Νέα Μάκρη Αττικής,Λιβυσσίου,
Αττική-Νέα Σμύρνη - DINOS CAVA,Τηλ. 2109533569 (GMap),23.71719,37.95211,17121,Νέα Σμύρνη,Αιγαίου,26
Αττική-Νέα Σμύρνη Musses,,23.71375,37.94787,,Νέα Σμύρνη Αττικής,Αγίας Φωτεινής,47
Αττική-Νίκαια,,23.65916,37.97198,,Νίκαια Αττικής,Ολύμπου,17
Αττική-Νίκαια Musses,,23.65063,37.96717,,Νίκαια Αττικής,7ης Μαρτίου 1944,43
Αττική-Παγκράτι,,23.74744,37.96661,,Παγκράτι Αττικής,Ασπασίας,9
Αττική-Παγκράτι,,23.74946,37.9682,,Παγκράτι Αττικής,Ιφικράτους,1
Αττική-Παγκράτι Biscottino,,23.75124,37.96599,,Παγκράτι Αττικής,Φιλολάου,44
Αττική-Παγκράτι Αρκάδικο Κελάρι,,23.75239,37.96429,,Παγκράτι Αττικής,Νικηφορίδη,11
Αττική-Παγκράτι Κελάρι του Θωμά,,23.74521,37.96257,,Παγκράτι Αττικής,Φιλολάου,132
Αττική-Παγκράτι Οινάνθη,,23.75019,37.96736,,Παγκράτι Αττικής,Ιφικράτους,9
Αττική-Παλαιό Φάληρο,,23.70567,37.92821,,Παλαιό Φάληρο Αττικής,Αχιλλέως,84
Αττική-Παλαιό Φάληρο,,23.72017,37.92334,,Παλαιό Φάληρο Αττικής,Δαιδάλου,26
Αττική-Παλαιό Φάληρο,,23.70054,37.9276,,Παλαιό Φάληρο Αττικής,Αρτέμιδος,101
Αττική-Παλαιό Φάληρο,,23.71232,37.922,,Παλαιό Φάληρο Αττικής,Λεωφόρος Αγίας Βαρβάρας,50
Αττική-Παλαιό Φάληρο,,23.71245,37.92197,,Παλαιό Φάληρο Αττικής,Λεωφόρος Αγίας Βαρβάρας,49
Αττική-Παλαιό Φάληρο,,23.69427,37.9291,,Παλαιό Φάληρο Αττικής,Αγίου Αλεξάνδρου,46
Αττική-Παλαιό Φάληρο,,23.70754,37.93196,,Παλαιό Φάληρο Αττικής,Παντελή Λινού,46
Αττική-Παλαιό Φάληρο Ganava Roussos,,23.69897,37.93937,,Παλαιό Φάληρο Αττικής,Συνταγματάρχου Ζησιμόπουλου,22
Αττική-Παλαιό Φάληρο Αλκυόνη,,23.70251,37.92257,,Παλαιό Φάληρο Αττικής,Αλκυόνης,87
Αττική-Παλαιό Φάληρο Άμπελος,,23.70424,37.93334,,Παλαιό Φάληρο Αττικής,Ανδρομάχης,32
Αττική-Παλαιό Φάληρο Εις Υγείαν,,23.70299,37.92947,,Παλαιό Φάληρο Αττικής,Λεωφόρος Αμφιθέας,103
Αττική-Παλαιό Φάληρο Κελάρι,,23.70072,37.9221,,Παλαιό Φάληρο Αττικής,Αμφιτρίτης,73
Αττική-Παλαιό Φάληρο Μέθη,,23.6993,37.93305,,Παλαιό Φάληρο Αττικής,Συνταγματάρχου Ζησιμοπούλου,92
Αττική-Παλαιό Φάληρο Ποτοπηγή,,23.70849,37.92892,,Παλαιό Φάληρο Αττικής,Αχιλλέως,106
Αττική-Παλαιό Φάληρο Φλοίσβος,,23.6907,37.93137,,Παλαιό Φάληρο Αττικής,Νηρέως,40
Αττική-Παλαιό Φάληρο Φυστίκι,,23.6936,37.9262,,Παλαιό Φάληρο Αττικής,Αλκυόνης,24
Αττική-Παλαιό Φάληρο Χαρά,,23.70051,37.92326,,Παλαιό Φάληρο Αττικής,Αχιλλέως,21
Αττική-Περιστέρι,,23.7008,38.01872,,Περιστέρι Αττικής,Ηρακλέους,6
Αττική-Περιστέρι,,23.69416,38.01667,,Περιστέρι Αττικής,Σκρά,29
Αττική-Περιστέρι,,23.70109,38.00509,,Περιστέρι Αττικής,Βασιλέως Γεωργίου Β,58
Αττική-Περιστέρι,,23.67651,38.01242,,Περιστέρι Αττικής,Τζών Κέννεντυ,200
Αττική-Περιστέρι,,23.6839,38.01266,,Περιστέρι Αττικής,Πελασγίας,35
Αττική-Περιστέρι,,23.69229,38.02238,,Περιστέρι Αττικής,Ανδρίτσαινης,23
Αττική-Περιστέρι,,23.69604,38.01087,,Περιστέρι Αττικής,Ακροπόλεως,11
Αττική-Περιστέρι,,23.70159,38.00701,,Περιστέρι Αττικής,Κύπρου,14
Αττική-Περιστέρι,,23.70497,38.00962,,Περιστέρι Αττικής,Κύπρου,49
Αττική-Περιστέρι,,23.67516,38.01387,,Περιστέρι Αττικής,Πελασγίας,133
Αττική-Περιστέρι,,23.67691,38.01222,,Περιστέρι Αττικής,Μανιακίου,4
Αττική-Περιστέρι,,23.68362,38.00659,,Περιστέρι Αττικής,Τζών Κέννεντυ,99
Αττική-Περιστέρι,,23.70818,38.01444,,Περιστέρι Αττικής,Διονυσίου Σολωμού,44
Αττική-Περιστέρι - DRINK BANK,Τηλ. 2105765217 (GMap),23.69914,38.01759,12132,Περιστέρι,Αριστοτέλους,82
Αττική-Περιστέρι Touris Nuts,,23.70525,38.00658,,Περιστέρι Αττικής,25ης Μαρτίου,118
Αττική-Περιστέρι Ξηροφρούτ,,23.70405,38.00745,,Περιστέρι Αττικής,25ης Μαρτίου,79
Αττική-Περιστέρι Πρόποσις,,23.70219,38.01595,,Περιστέρι Αττικής,Λεωφόρος Κωνσταντινουπόλεως,138
Αττική-Περιστέρι Στάχυ και Μέλι,,23.68114,38.02046,,Περιστέρι Αττικής,Καρυάτιδος,72
Αττική-Περιστέρι Το Αραπάκι,,23.68045,38.00926,,Περιστέρι Αττικής,Τζών Κέννεντυ,152
Αττική-Περιστέρι Το Κελάρι,,23.69474,38.01246,,Περιστέρι Αττικής,Εθνικής Αντιστάσεως,2
Αττική-Πετρούπολη,,23.676741,38.035741,,Πετρούπολη Αττικής,28ης Οκτωμβρίου και Περικλέους,
Αττική-Πετρούπολη - ΜΠΑΚΟΣ ΒΑΣΙΛΕΙΟΣ,Τηλ. 2105013516 (GMap),23.68481,38.04337,13231,Πετρούπολη,Δωδεκανήσου,82
Αττική-Πετρούπολη Λιακωτό,,23.68745,38.04002,,Πετρούπολη Αττικής,Κώστα Βάρναλη,92
Αττική-Πεύκη Cavino,,23.7929,38.05575,,Πεύκη Αττικής,Χρυσοστόμου Σμύρνης,37
Αττική-Ριζούπολη,,23.74785,38.02325,,Ριζούπολη Αττικής,Ιωάννου Φωκά και Συρακούσων,
Αττική-Χαιδάρι,,23.66065,38.00713,,Χαιδάρι Αττικής,Αγωνιστών Στρατοπέδου Χαιδαρίου,43
Αττική-Χαιδάρι,,23.66134,38.00912,,Χαιδάρι Αττικής,Αγωνιστών Στρατοπέδου Χαιδαρίου,69
Αττική-Χαλάνδρι - ALL ABOUT WHISKY,Τηλ. 2106856616 - Φαξ 2106856616 (GMap),23.80263,38.02014,15234,Χαλάνδρι,Αγίας Παρασκευής,55
Αττική-Χαλάνδρι - HOUSE OF WINE.GR,Τηλ. 2106773315 (GMap),23.79299,38.01008,15231,Χαλάνδρι,Ιθώμης,26
Αττική-Χαλάνδρι - TRESOR,Τηλ. 2106845077 (GMap),23.80017,38.02287,15233,Χαλάνδρι,Κώστα Βάρναλη,2
Αττική-Χολαργός - ΚΕΛΑΡΙ ΔΩΡΩΝ,Τηλ. 2106532055 - Φαξ 2106522655 (GMap),23.79565,38.00534,15561,Χολαργός,Μεσογείων,244
Αχαια-Πάτρα - KABA ΛΥΜΠΕΡΟΠΟΥΛΟΣ ΜΟΝΟΠΡΟΣΩΠΗ ΕΕ,Τηλ. 2610421046 (GMap),21.75545,38.27136,26442,Πάτρα,Εμμανουήλ Ροΐδη,76
Αχαια-Πάτρα - ΒΟΥΚΕΛΑΤΟΥ ΕΥΡΩΠΙΑ Ν.,Τηλ. 2610310291 (GMap),21.73276,38.24298,26222,Πάτρα,Κανακάρη,190
Αχαια-Πάτρα - ΡΩΜΑΝΟΥ ΧΑΡΗ ΥΙΟΙ ΕΠΕ,Τηλ. 2610270670 (GMap),21.73603,38.24964,26221,Πάτρα,Κολοκοτρώνη,5
Βοιωτία-Λειβαδιά - ΚΑΤΣΑΛΙΓΚΟΥ ΕΥΣΤΑΘΙΑ,Τηλ. 2261027133 (GMap),22.87381,38.43972,32100,Λειβαδιά,Χαιρώνειας,14
Δωδεκάνησα-Ρόδος - ΤΑΤΑΚΗΣ ΕΥΑΓΓ. & ΥΙΟΙ ΑΕ,Τηλ. 2241025342 (GMap),28.22362,36.45064,85100,Ρόδος,Ρόδος,
Έβρος-Αλεξανδρούπολη - ΒΙΡΓΙΝΙΑ ΑΝΑΓΝΩΣΤΟΠΟΥΛΟΥ,Τηλ. 2551026306 (GMap),25.82388,40.85289,68100,Αλεξανδρούπολη,Δημοκρατίας,92
Ηλείας-Πύργος - ΑΝΤΩΝΟΠΟΥΛΟΣ ΓΕΩΡΓΙΟΣ ΛΕΩΝ.,Τηλ. 2621028958 (GMap),21.43322,37.67406,27100,Πύργος,Παπαφλέσσα,56
Ηράκλειο - E-MUSSES.GR,Τηλ. 2810289194 - Φαξ 2810289194 (GMap),25.13379,35.33753,71201,Ηράκλειο,Έβανς,28
Θεσσαλονίκη - ΚΑΡΑΚΕΧΑΓΙΟΓΛΟΥ ΑΓΑΠΙΟΣ - ΚΑΒΑ ΑΠΟΣΤΑΓΜΑ,Τηλ. 2310828348 - Φαξ 2310828348   - Κιν. 6972825803 (GMap),22.96213,40.60351,54248,Θεσσαλονίκη,Καρακάση,29
Θεσσαλονίκη-Αμπελόκηποι - ΣΑΓΚΙΡΙΔΗΣ Β. ΒΛΑΔΙΜΗΡΟΣ,Τηλ. 2310721087 (GMap),22.92548,40.65211,56123,Αμπελόκηποι,Θησέως,9
Θεσσαλονίκη-Πεύκα - ΜΠΑΤΖΑΚΑΣ ΚΑΒΕ ΟΙΝΟΠΟΙΗΜΑΤΑ,Τηλ. 2310676144 (GMap),22.99409,40.65353,57010,Πεύκα,Τρίτη Γεωργιου Παπανικολάου,136
Θεσσαλονίκη-Πολίχνη - ΤΟ ΜΑΓΑΖΑΚΙ - ΚΙΣΚΟΡΙΔΗΣ ΝΙΚΟΛΑΟΣ,Τηλ. 2310667797   - Κιν. 6970342619 (GMap),22.94489,40.66073,56533,Πολίχνη,Ελευθερίου Βενιζέλου,24
Θεσσαλονίκη-Σταυρούπολις - Κ. ΣΤΥΛΙΑΝΙΔΗΣ & ΣΙΑ ΟΕ - ΚΑΒΑ ΠΟΤΩΝ,Τηλ. 2310662041 (GMap),22.93974,40.66422,56429,Σταυρούπολις,Γρηγορίου Λαμπράκη,21
Θεσσαλονίκη-Σταυρούπολις - ΚΑΒΑ - ΠΟΤΑ ΜΑΚΡΟΓΙΑΝΝΗ,Τηλ. 2310666866 - Φαξ 2310602010 (GMap),22.93438,40.66343,56430,Σταυρούπολις,Νικολάου Πλαστήρα,2
Ιωάννινα - ΔΗΜΗΤΡ. Σ. ΚΩΣΤΑΔΗΜΑΣ,Τηλ. 2651045308 (GMap),20.8479,39.64604,45332,Ιωάννινα,Γέφυρας Τσιμόβου,37
Ιωάννινα - ΕΛΕΥΘΕΡΙΑ ΔΑΛΛΙΟΥ,Τηλ. 2651031270 (GMap),20.83233,39.68089,45445,Ιωάννινα,Κώστα Βάρναλη,35
Ιωάννινα - ΜΑΚΗΣ ΕΥΑΓΓ. Σ.,Τηλ. 2651022502 (GMap),20.85425,39.66617,45444,Ιωάννινα,Πλατεία Δημοκρατίας,2
Ιωάννινα Οινοθήκη,,20.85116,39.65987,,Ιωάννινα,Λεωφόρος Δωδώνης,18
Κιλκίς - ΠΑΝΤΕΛΙΔΗΣ ΧΡΗΣΤΟΣ & ΣΙΑ ΟΕ,Τηλ. 2341022617 (GMap),22.87519,40.99364,61100,Κιλκίς,Εθνικής Αντιστάσεως,9
Κορινθία-Βόχα,,22.8073865,37.9524744,20006,Βόχα,Κορίνθου-Πατρών,
Κορινθία-Κόρινθος - ΒΛΑΣΗΣ ΝΙΚΟΛΑΟΣ Ι.,Τηλ. 2741022596 (GMap),22.93294,37.93939,20100,Κόρινθος,Εθνικής Αντιστάσεως,28
Κορινθία-Κόρινθος - ΜΠΟΥΦΗ Τ. - ΚΕΦΑΛΑ Μ. & ΣΙΑ ΟΕ,Τηλ. 2741024524 - Φαξ 2741074021 (GMap),22.92966,37.9402,20100,Κόρινθος,Κολιάτσου,56
Κορινθία-Λουτρά Ωραίας Ελένης,,22.9970548,37.8656537,20100,Λουτρά Ωραίας Ελένης,Κορίνθου-Επιδαύρου,
Κρήτη-Ηράκλειο Drink house,,25.11837,35.33567,,Ηράκλειο Κρήτης,Λεωφόρος 62 Μαρτύρων,
Κρήτη-Ρέθυμνο,,24.47546,35.36997,,Ρέθυμνο Κρήτης,Κωνσταντίνου Παλαιολόγου,11
Κρήτη-Ρέθυμνο,,24.47695,35.36659,,Ρέθυμνο Κρήτης,Γερακάρη,90
Κρήτη-Ρέθυμνο,,24.48922,35.36511,,Ρέθυμνο Κρήτης,Κωνσταντινουπόλεως,18
Κρήτη-Ρέθυμνο,,24.47449,35.36757,,Ρέθυμνο Κρήτης,Τομπάζη,3
Κρήτη-Ρέθυμνο,,24.47452,35.36788,,Ρέθυμνο Κρήτης,Εθνικής Αντιστάσεως,38
Κρήτη-Ρέθυμνο,,24.47606,35.36897,,Ρέθυμνο Κρήτης,Αρκαδίου,168
Κρήτη-Ρέθυμνο,,24.487,35.36496,,Ρέθυμνο Κρήτης,Άγγελου Σικελιανού,9
Κρήτη-Ρέθυμνο,,24.48516,35.36602,,Ρέθυμνο Κρήτης,Παπαναστασίου,9
Κρήτη-Ρέθυμνο,,24.47676,35.36798,,Ρέθυμνο Κρήτης,Αρκαδίου,122
Κρήτη-Ρέθυμνο,,24.51286,35.36606,,Ρέθυμνο Κρήτης,Λεωφόρος Μάχης Κρήτης,58
Κρήτη-Ρέθυμνο,,24.51018,35.36605,,Ρέθυμνο Κρήτης,Λεωφόρος Μάχης Κρήτης,28
Κρήτη-Ρέθυμνο,,24.47453,35.36728,,Ρέθυμνο Κρήτης,Βοσπόρου,8
Κυκλάδες-Ερμούπολη - ΨΑΡΡΟΣ ΝΙΚΟΣ,Τηλ. 2281079373 (GMap),24.94189,37.44297,84100,Ερμούπολη,Σταμάτη Πρωΐου,24
Λακωνία-Σπάρτη - ΣΑΡΡΟΥ ΑΓΓΕΛΙΚΗ Χ.,Τηλ. 2731024038 (GMap),22.43285,37.07509,23100,Σπάρτη,Λεωφόρος Λυκούργου,61
Λάρισα - ΓΚΙΑΜΙΣΗΣ ΝΙΚΟΛΑΟΣ Μ.,Τηλ. 2410535517 (GMap),22.4117,39.63487,41222,Λάρισα,Βελισσαρίου,7
Λάρισα-Τύρναβος - ΛΕΤΣΙΟΣ ΓΕΩΡΓΙΟΣ Σ.,Τηλ. 2492024677 (GMap),22.28499,39.73713,40100,Τύρναβος,Ηρώων Πολυτεχνείου,46
Λάρισα-Φάρσαλα - ΚΑΛΟΥΖΑΚΗΣ Δ. & ΣΙΑ ΟΕ,Τηλ. 2491023615 (GMap),22.38685,39.29759,40300,Φάρσαλα,Βόλου,27
Λάρισα-Φάρσαλα - ΚΑΤΣΑΚΙΩΡΗ ΑΙΚΑΤ. & ΣΙΑ ΟΕ,Τηλ. 2491026642 (GMap),22.37734,39.29529,40300,Φάρσαλα,Λαμίας,95
Ξυλόκαστρο,,22.624996,38.076548,20400,Ξυλόκαστρο,Κωνσταντίνου Τσαλδάρη,
Ξυλόκαστρο,,22.635307,38.077468,20400,Ξυλόκαστρο,Βαγενά,
Πειραιάς - GALA,Τηλ. 2104186672 - Φαξ 2104288385 (GMap),23.64013,37.93843,18537,Πειραιάς,Αγίου Νικολάου,5
Πειραιάς Annies Choices,,23.6481,37.94302,,Πειραιάς,Αγίου Κωνσταντίνου,15
Πειραιάς Cava Halari,,23.64741,37.93366,,Πειραιάς,Ακτή Μουτσοπούλου,74
Πειραιάς Cava Halari,,23.63447,37.93551,,Πειραιάς,Χατζηκυριάκου,75
Πειραιάς Musses,,23.64928,37.94565,,Πειραιάς,34ου Συντάγματος Πεζικού,25
Πειραιάς-Κερατσίνι - ΣΤΑΜΠΟΥΛΟΓΛΟΥ ΙΩΑΝΝΗΣ,Τηλ. 2104312943 - Φαξ 2104008039   - Κιν. 6944337375 (GMap),23.61959,37.97324,18758,Κερατσίνι,Πολυλά,32
Πειραιάς-Κορυδαλλός - ΟΙΝΟΧΟΟΣ,Τηλ. 2104967647 - Φαξ 2104946084   - Κιν. 6975903910 (GMap),23.65709,37.97461,18120,Κορυδαλλός,Πλουτάρχου,18
Σαρωνίδα Λιθοινον,,23.92197,37.74378,,Σαρωνίδα,Λεωφόρος Σαρωνίδας ,122
Τρίκαλα,,21.77082,39.56286,,Τρίκαλα,Κονδύλη,82
Τρίκαλα,,21.76466,39.55401,,Τρίκαλα,Κοραή,8
Τρίκαλα,,21.76537,39.55214,,Τρίκαλα,Ιπποκράτους,8
Τρίκαλα,,21.76518,39.55614,,Τρίκαλα,Στέφανου Σαράφη,23
Τρίκαλα,,21.76578,39.55115,,Τρίκαλα,Ασκληπιού,38
Τρίκαλα,,21.77068,39.55517,,Τρίκαλα,Βασίλη Τσιτσάνη,27
Τρίκαλα,,21.77433,39.55097,,Τρίκαλα,Δευκαλίωνος,11
Τρίκαλα,,21.78899,39.55518,,Τρίκαλα,Λαρίσης,16
Τρίκαλα,,21.75848,39.54283,,Τρίκαλα,Διογένους,5
Τρίκαλα,,21.76733,39.55653,,Τρίκαλα,25ης Μαρτίου,6
Τρίκαλα Αμφορέας,,21.76469,39.54869,,Τρίκαλα,Ασκληπιού,66
Χανιά - ΓΙΑΝΝΑΡΑΚΗ ΚΑΒΑ,Τηλ. 2821046764 (GMap),24.01792,35.51617,73100,Χανιά,Χάληδων,1
